{
  "resource_pack_name": "vanilla",
  "texture_name": "atlas.items",
  "texture_data": {
    "egg_camel": {
      "textures": "textures/items/egg_camel"
    },
    "egg_lion": {
      "textures": "textures/items/egg_lion"
    },
    "egg_penguin": {
      "textures": "textures/items/egg_penguin"
    },
    "egg_tiger": {
      "textures": "textures/items/egg_tiger"
    },
    "egg_elephant": {
      "textures": "textures/items/egg_elephant"
    },
    "egg_deer": {
      "textures": "textures/items/egg_deer"
    },
    "egg_panther": {
      "textures": "textures/items/egg_panther"
    },
    "egg_frog": {
      "textures": "textures/items/egg_frog"
    },
    "egg_crocodile": {
      "textures": "textures/items/egg_crocodile"
    },
    "egg_mouse": {
      "textures": "textures/items/egg_mouse"
    },
    "gallardo": {
      "textures": "textures/items/gallardo"
    },
    "bench": {
      "textures": "textures/items/bench"
    },
    "christmas_tree": {
      "textures": "textures/items/christmas_tree"
    },
    "tivi": {
      "textures": "textures/items/tivi"
    },
    "closet": {
      "textures": "textures/items/closet"
    },
    "laptop": {
      "textures": "textures/items/laptop"
    },
    "piano": {
      "textures": "textures/items/piano"
    },
    "armchairs": {
      "textures": "textures/items/armchairs"
    },
    "chair": {
      "textures": "textures/items/chair"
    },
    "big_table": {
      "textures": "textures/items/big_table"
    },
    "small_table": {
      "textures": "textures/items/small_table"
    },
    "drone": {
      "textures": "textures/items/drone"
    },
    "colorful_gifts": {
      "textures": "textures/items/colorful_gifts"
    },
    "mr:sculk_blob": {
      "textures": "textures/items/pamobile/mr_sculk_blob"
    },
    "mr_sculk_crown": {
      "textures": [
        "textures/items/pamobile/mr_sculk_crown"
      ]
    },
    "mr_netherite_crown": {
      "textures": [
        "textures/items/pamobile/mr_netherite_crown"
      ]
    },
    "mr_emerald_crown": {
      "textures": [
        "textures/items/pamobile/mr_emerald_crown"
      ]
    },
    "mr_golden_crown": {
      "textures": [
        "textures/items/pamobile/mr_golden_crown"
      ]
    },
    "mr_simbian": {
      "textures": [
        "textures/items/pamobile/mr_simbian"
      ]
    },
    "mr_diamond_crown": {
      "textures": [
        "textures/items/pamobile/mr_diamond_crown"
      ]
    },
    "mr_lunas_flowers": {
      "textures": [
        "textures/items/pamobile/mr_lunas_flowers"
      ]
    },
    "mr:sculk_ingot": {
      "textures": "textures/items/pamobile/mr_sculk_ingot"
    },
    "mr_cable": {
      "textures": [
        "textures/items/pamobile/mr_cable"
      ]
    },
    "mr_iron_crown": {
      "textures": [
        "textures/items/pamobile/mr_iron_crown"
      ]
    },
    "mr_ruby_crown": {
      "textures": [
        "textures/items/pamobile/mr_ruby_crown"
      ]
    },
    "mr_sculk_crown_lvl_two": {
      "textures": [
        "textures/items/pamobile/mr_sculk_crown_lvl_two"
      ]
    }
  }
}