{
  "format_version": "1.11",
  "minecraft:entity": {
    "description": {
      "identifier": "minecraft:player",
      "is_spawnable": false,
      "is_summonable": false,
      "is_experimental": false,
      "scripts": {
        "animate": [
          "walk",
          "mr:sculk_crown",
          "mr:netherite_crown",
          "mr:emerald_crown",
          "mr:golden_crown",
          "mr:simbian",
          "mr:lunas_flowers",
          "mr:diamond_crown",
          "mr:cable",
          "mr:iron_crown",
          "mr:sculk_crown_lvl_two",
          "mr:ruby_crown"
        ]
      },
      "animations": {
        "walk": "controller.animation.walk",
        "mr:sculk_crown": "controller.animation.mr_sculk_crown",
        "mr:netherite_crown": "controller.animation.mr_netherite_crown",
        "mr:emerald_crown": "controller.animation.mr_emerald_crown",
        "mr:golden_crown": "controller.animation.mr_golden_crown",
        "mr:simbian": "controller.animation.mr_simbian",
        "mr:lunas_flowers": "controller.animation.mr_lunas_flowers",
        "mr:diamond_crown": "controller.animation.mr_diamond_crown",
        "mr:cable": "controller.animation.mr_cable",
        "mr:iron_crown": "controller.animation.mr_iron_crown",
        "mr:sculk_crown_lvl_two": "controller.animation.mr_sculk_crown_lvl_two",
        "mr:ruby_crown": "controller.animation.mr_ruby_crown"
      }
    },
    "component_groups": {
      "pamobile:respawn": {
        "minecraft:mark_variant": {
          "value": 99999
        },
        "minecraft:health": {
          "value": 20,
          "max": 20
        },
        "minecraft:movement": {
          "value": 0.1
        },
        "minecraft:attack": {
          "damage": 1
        },
        "minecraft:spell_effects": {
          "remove_effects": [
            "slowness",
            "strength",
            "haste",
            "fire_resistance",
            "invisibility",
            "night_vision",
            "water_breathing",
            "slow_falling",
            "saturation",
            "regeneration",
            "speed",
            "resistance"
          ]
        }
      },
      "ammo:1": {
        "minecraft:mark_variant": {
          "value": 1
        }
      },
      "mr:sculk_crown_event_play": {
        "minecraft:health": {
          "value": 26,
          "max": 26
        },
        "minecraft:movement": {
          "value": 0.1
        },
        "minecraft:spell_effects": {
          "add_effects": [
            {
              "effect": "slowness",
              "duration": 60000,
              "amplifier": 0
            },
            {
              "effect": "strength",
              "duration": 60000,
              "amplifier": 0
            }
          ]
        }
      },
      "mr:netherite_crown_event_play": {
        "minecraft:health": {
          "value": 22,
          "max": 22
        },
        "minecraft:movement": {
          "value": 0.1
        },
        "minecraft:spell_effects": {
          "add_effects": [
            {
              "effect": "haste",
              "duration": 60000,
              "amplifier": 1
            }
          ]
        }
      },
      "mr:emerald_crown_event_play": {
        "minecraft:health": {
          "value": 20,
          "max": 20
        },
        "minecraft:movement": {
          "value": 0.1
        },
        "minecraft:spell_effects": {
          "add_effects": [
            {
              "effect": "fire_resistance",
              "duration": 60000,
              "amplifier": 1
            },
            {
              "effect": "invisibility",
              "duration": 60000,
              "amplifier": 1
            },
            {
              "effect": "night_vision",
              "duration": 60000,
              "amplifier": 1
            },
            {
              "effect": "water_breathing",
              "duration": 60000,
              "amplifier": 1
            }
          ]
        }
      },
      "mr:golden_crown_event_play": {
        "minecraft:health": {
          "value": 20,
          "max": 20
        },
        "minecraft:movement": {
          "value": 0.1
        },
        "minecraft:spell_effects": {
          "add_effects": [
            {
              "effect": "slow_falling",
              "duration": 60000,
              "amplifier": 0
            }
          ]
        }
      },
      "mr:simbian_event_play": {
        "minecraft:health": {
          "value": 20,
          "max": 20
        },
        "minecraft:movement": {
          "value": 0.1
        },
        "minecraft:spell_effects": {
          "add_effects": []
        }
      },
      "mr:lunas_flowers_event_play": {
        "minecraft:health": {
          "value": 20,
          "max": 20
        },
        "minecraft:movement": {
          "value": 0.1
        },
        "minecraft:spell_effects": {
          "add_effects": [
            {
              "effect": "regeneration",
              "duration": 60000,
              "amplifier": 2
            }
          ]
        }
      },
      "mr:diamond_crown_event_play": {
        "minecraft:health": {
          "value": 20,
          "max": 20
        },
        "minecraft:movement": {
          "value": 0.1
        },
        "minecraft:spell_effects": {
          "add_effects": [
            {
              "effect": "saturation",
              "duration": 60000,
              "amplifier": 2
            }
          ]
        }
      },
      "mr:cable_event_play": {
        "minecraft:health": {
          "value": 20,
          "max": 20
        },
        "minecraft:movement": {
          "value": 0.1
        },
        "minecraft:spell_effects": {
          "add_effects": []
        }
      },
      "mr:iron_crown_event_play": {
        "minecraft:health": {
          "value": 20,
          "max": 20
        },
        "minecraft:movement": {
          "value": 0.1
        },
        "minecraft:spell_effects": {
          "add_effects": [
            {
              "effect": "speed",
              "duration": 60000,
              "amplifier": 0
            }
          ]
        }
      },
      "mr:sculk_crown_lvl_two_event_play": {
        "minecraft:health": {
          "value": 28,
          "max": 28
        },
        "minecraft:movement": {
          "value": 0.1
        },
        "minecraft:spell_effects": {
          "add_effects": [
            {
              "effect": "strength",
              "duration": 60000,
              "amplifier": 0
            }
          ]
        }
      },
      "mr:ruby_crown_event_play": {
        "minecraft:health": {
          "value": 20,
          "max": 20
        },
        "minecraft:movement": {
          "value": 0.1
        },
        "minecraft:spell_effects": {
          "add_effects": [
            {
              "effect": "resistance",
              "duration": 60000,
              "amplifier": 0
            },
            {
              "effect": "speed",
              "duration": 60000,
              "amplifier": 1
            },
            {
              "effect": "strength",
              "duration": 60000,
              "amplifier": 0
            }
          ]
        }
      }
    },
    "components": {
      "minecraft:type_family": {
        "family": [
          "player"
        ]
      },
      "minecraft:loot": {
        "table": "loot_tables/empty.json"
      },
      "minecraft:collision_box": {
        "width": 0.6,
        "height": 1.8
      },
      "minecraft:can_climb": {},
      "minecraft:movement": {
        "value": 0.1
      },
      "minecraft:environment_sensor": [
        {
          "on_environment": {
            "filters": {
              "any_of": [
                {
                  "test": "is_family",
                  "subject": "self",
                  "value": "player"
                }
              ]
            },
            "event": "pamobile:refresh_player"
          }
        },
        {
          "on_environment": {
            "filters": {
              "all_of": [
                {
                  "test": "has_equipment",
                  "subject": "self",
                  "domain": "hand",
                  "value": "mr:sculk_crown"
                }
              ]
            },
            "event": "mr:sculk_crown_event_hold"
          }
        },
        {
          "on_environment": {
            "filters": {
              "all_of": [
                {
                  "test": "has_equipment",
                  "subject": "self",
                  "domain": "head",
                  "value": "mr:sculk_crown"
                }
              ]
            },
            "event": "mr:sculk_crown_event_play"
          }
        },
        {
          "on_environment": {
            "filters": {
              "all_of": [
                {
                  "test": "has_equipment",
                  "subject": "self",
                  "domain": "hand",
                  "value": "mr:netherite_crown"
                }
              ]
            },
            "event": "mr:netherite_crown_event_hold"
          }
        },
        {
          "on_environment": {
            "filters": {
              "all_of": [
                {
                  "test": "has_equipment",
                  "subject": "self",
                  "domain": "head",
                  "value": "mr:netherite_crown"
                }
              ]
            },
            "event": "mr:netherite_crown_event_play"
          }
        },
        {
          "on_environment": {
            "filters": {
              "all_of": [
                {
                  "test": "has_equipment",
                  "subject": "self",
                  "domain": "hand",
                  "value": "mr:emerald_crown"
                }
              ]
            },
            "event": "mr:emerald_crown_event_hold"
          }
        },
        {
          "on_environment": {
            "filters": {
              "all_of": [
                {
                  "test": "has_equipment",
                  "subject": "self",
                  "domain": "head",
                  "value": "mr:emerald_crown"
                }
              ]
            },
            "event": "mr:emerald_crown_event_play"
          }
        },
        {
          "on_environment": {
            "filters": {
              "all_of": [
                {
                  "test": "has_equipment",
                  "subject": "self",
                  "domain": "hand",
                  "value": "mr:golden_crown"
                }
              ]
            },
            "event": "mr:golden_crown_event_hold"
          }
        },
        {
          "on_environment": {
            "filters": {
              "all_of": [
                {
                  "test": "has_equipment",
                  "subject": "self",
                  "domain": "head",
                  "value": "mr:golden_crown"
                }
              ]
            },
            "event": "mr:golden_crown_event_play"
          }
        },
        {
          "on_environment": {
            "filters": {
              "all_of": [
                {
                  "test": "has_equipment",
                  "subject": "self",
                  "domain": "hand",
                  "value": "mr:simbian"
                }
              ]
            },
            "event": "mr:simbian_event_hold"
          }
        },
        {
          "on_environment": {
            "filters": {
              "all_of": [
                {
                  "test": "has_equipment",
                  "subject": "self",
                  "domain": "head",
                  "value": "mr:simbian"
                }
              ]
            },
            "event": "mr:simbian_event_play"
          }
        },
        {
          "on_environment": {
            "filters": {
              "all_of": [
                {
                  "test": "has_equipment",
                  "subject": "self",
                  "domain": "hand",
                  "value": "mr:lunas_flowers"
                }
              ]
            },
            "event": "mr:lunas_flowers_event_hold"
          }
        },
        {
          "on_environment": {
            "filters": {
              "all_of": [
                {
                  "test": "has_equipment",
                  "subject": "self",
                  "domain": "head",
                  "value": "mr:lunas_flowers"
                }
              ]
            },
            "event": "mr:lunas_flowers_event_play"
          }
        },
        {
          "on_environment": {
            "filters": {
              "all_of": [
                {
                  "test": "has_equipment",
                  "subject": "self",
                  "domain": "hand",
                  "value": "mr:diamond_crown"
                }
              ]
            },
            "event": "mr:diamond_crown_event_hold"
          }
        },
        {
          "on_environment": {
            "filters": {
              "all_of": [
                {
                  "test": "has_equipment",
                  "subject": "self",
                  "domain": "head",
                  "value": "mr:diamond_crown"
                }
              ]
            },
            "event": "mr:diamond_crown_event_play"
          }
        },
        {
          "on_environment": {
            "filters": {
              "all_of": [
                {
                  "test": "has_equipment",
                  "subject": "self",
                  "domain": "hand",
                  "value": "mr:cable"
                }
              ]
            },
            "event": "mr:cable_event_hold"
          }
        },
        {
          "on_environment": {
            "filters": {
              "all_of": [
                {
                  "test": "has_equipment",
                  "subject": "self",
                  "domain": "head",
                  "value": "mr:cable"
                }
              ]
            },
            "event": "mr:cable_event_play"
          }
        },
        {
          "on_environment": {
            "filters": {
              "all_of": [
                {
                  "test": "has_equipment",
                  "subject": "self",
                  "domain": "hand",
                  "value": "mr:iron_crown"
                }
              ]
            },
            "event": "mr:iron_crown_event_hold"
          }
        },
        {
          "on_environment": {
            "filters": {
              "all_of": [
                {
                  "test": "has_equipment",
                  "subject": "self",
                  "domain": "head",
                  "value": "mr:iron_crown"
                }
              ]
            },
            "event": "mr:iron_crown_event_play"
          }
        },
        {
          "on_environment": {
            "filters": {
              "all_of": [
                {
                  "test": "has_equipment",
                  "subject": "self",
                  "domain": "hand",
                  "value": "mr:sculk_crown_lvl_two"
                }
              ]
            },
            "event": "mr:sculk_crown_lvl_two_event_hold"
          }
        },
        {
          "on_environment": {
            "filters": {
              "all_of": [
                {
                  "test": "has_equipment",
                  "subject": "self",
                  "domain": "head",
                  "value": "mr:sculk_crown_lvl_two"
                }
              ]
            },
            "event": "mr:sculk_crown_lvl_two_event_play"
          }
        },
        {
          "on_environment": {
            "filters": {
              "all_of": [
                {
                  "test": "has_equipment",
                  "subject": "self",
                  "domain": "hand",
                  "value": "mr:ruby_crown"
                }
              ]
            },
            "event": "mr:ruby_crown_event_hold"
          }
        },
        {
          "on_environment": {
            "filters": {
              "all_of": [
                {
                  "test": "has_equipment",
                  "subject": "self",
                  "domain": "head",
                  "value": "mr:ruby_crown"
                }
              ]
            },
            "event": "mr:ruby_crown_event_play"
          }
        }
      ],
      "minecraft:player.saturation": {
        "value": 20
      },
      "minecraft:player.exhaustion": {
        "value": 0,
        "max": 4
      },
      "minecraft:player.level": {
        "value": 0,
        "max": 24791
      },
      "minecraft:player.experience": {
        "value": 0,
        "max": 1
      },
      "minecraft:breathable": {
        "totalSupply": 15,
        "suffocateTime": -1,
        "inhaleTime": 3.75,
        "generatesBubbles": false
      },
      "minecraft:nameable": {
        "alwaysShow": true,
        "allowNameTagRenaming": false
      },
      "minecraft:physics": {},
      "minecraft:insomnia": {
        "days_until_insomnia": 3
      },
      "minecraft:rideable": {
        "seat_count": 2,
        "family_types": [
          "parrot_tame"
        ],
        "pull_in_entities": true,
        "seats": [
          {
            "position": [
              0.4,
              -0.15,
              0.04
            ],
            "min_rider_count": 0,
            "max_rider_count": 0,
            "lock_rider_rotation": 0
          },
          {
            "position": [
              -0.4,
              -0.15,
              0.04
            ],
            "min_rider_count": 1,
            "max_rider_count": 2,
            "lock_rider_rotation": 0
          }
        ]
      },
      "minecraft:scaffolding_climber": {}
    },
    "events": {
      "pamobile:refresh_player": {
        "add": {
          "component_groups": [
            "pamobile:respawn"
          ]
        },
        "remove": {
          "component_groups": [
            "mr:sculk_crown_event_hold",
            "mr:sculk_crown_event_play",
            "mr:netherite_crown_event_hold",
            "mr:netherite_crown_event_play",
            "mr:emerald_crown_event_hold",
            "mr:emerald_crown_event_play",
            "mr:golden_crown_event_hold",
            "mr:golden_crown_event_play",
            "mr:simbian_event_hold",
            "mr:simbian_event_play",
            "mr:lunas_flowers_event_hold",
            "mr:lunas_flowers_event_play",
            "mr:diamond_crown_event_hold",
            "mr:diamond_crown_event_play",
            "mr:cable_event_hold",
            "mr:cable_event_play",
            "mr:iron_crown_event_hold",
            "mr:iron_crown_event_play",
            "mr:sculk_crown_lvl_two_event_hold",
            "mr:sculk_crown_lvl_two_event_play",
            "mr:ruby_crown_event_hold",
            "mr:ruby_crown_event_play"
          ]
        }
      },
      "minecraft:entity_spawned": {
        "add": {
          "component_groups": [
            "pamobile:respawn"
          ]
        },
        "remove": {}
      },
      "ammo:1": {
        "remove": {
          "component_groups": [
            "ammo:1"
          ]
        },
        "add": {
          "component_groups": [
            "ammo:1"
          ]
        }
      },
      "ammo:2": {
        "remove": {
          "component_groups": [
            "ammo:2"
          ]
        },
        "add": {
          "component_groups": [
            "ammo:2"
          ]
        }
      },
      "mr:sculk_crown_event_hold": {
        "add": {
          "component_groups": [
            "mr:sculk_crown_event_hold"
          ]
        }
      },
      "mr:sculk_crown_event_play": {
        "add": {
          "component_groups": [
            "mr:sculk_crown_event_play"
          ]
        }
      },
      "mr:netherite_crown_event_hold": {
        "add": {
          "component_groups": [
            "mr:netherite_crown_event_hold"
          ]
        }
      },
      "mr:netherite_crown_event_play": {
        "add": {
          "component_groups": [
            "mr:netherite_crown_event_play"
          ]
        }
      },
      "mr:emerald_crown_event_hold": {
        "add": {
          "component_groups": [
            "mr:emerald_crown_event_hold"
          ]
        }
      },
      "mr:emerald_crown_event_play": {
        "add": {
          "component_groups": [
            "mr:emerald_crown_event_play"
          ]
        }
      },
      "mr:golden_crown_event_hold": {
        "add": {
          "component_groups": [
            "mr:golden_crown_event_hold"
          ]
        }
      },
      "mr:golden_crown_event_play": {
        "add": {
          "component_groups": [
            "mr:golden_crown_event_play"
          ]
        }
      },
      "mr:simbian_event_hold": {
        "add": {
          "component_groups": [
            "mr:simbian_event_hold"
          ]
        }
      },
      "mr:simbian_event_play": {
        "add": {
          "component_groups": [
            "mr:simbian_event_play"
          ]
        }
      },
      "mr:lunas_flowers_event_hold": {
        "add": {
          "component_groups": [
            "mr:lunas_flowers_event_hold"
          ]
        }
      },
      "mr:lunas_flowers_event_play": {
        "add": {
          "component_groups": [
            "mr:lunas_flowers_event_play"
          ]
        }
      },
      "mr:diamond_crown_event_hold": {
        "add": {
          "component_groups": [
            "mr:diamond_crown_event_hold"
          ]
        }
      },
      "mr:diamond_crown_event_play": {
        "add": {
          "component_groups": [
            "mr:diamond_crown_event_play"
          ]
        }
      },
      "mr:cable_event_hold": {
        "add": {
          "component_groups": [
            "mr:cable_event_hold"
          ]
        }
      },
      "mr:cable_event_play": {
        "add": {
          "component_groups": [
            "mr:cable_event_play"
          ]
        }
      },
      "mr:iron_crown_event_hold": {
        "add": {
          "component_groups": [
            "mr:iron_crown_event_hold"
          ]
        }
      },
      "mr:iron_crown_event_play": {
        "add": {
          "component_groups": [
            "mr:iron_crown_event_play"
          ]
        }
      },
      "mr:sculk_crown_lvl_two_event_hold": {
        "add": {
          "component_groups": [
            "mr:sculk_crown_lvl_two_event_hold"
          ]
        }
      },
      "mr:sculk_crown_lvl_two_event_play": {
        "add": {
          "component_groups": [
            "mr:sculk_crown_lvl_two_event_play"
          ]
        }
      },
      "mr:ruby_crown_event_hold": {
        "add": {
          "component_groups": [
            "mr:ruby_crown_event_hold"
          ]
        }
      },
      "mr:ruby_crown_event_play": {
        "add": {
          "component_groups": [
            "mr:ruby_crown_event_play"
          ]
        }
      }
    }
  }
}