{
  "format_version": "1.10.0",
  "geometry.mr_sculk_crown_lvl_two": {
    "texturewidth": 64,
    "textureheight": 32,
    "visible_bounds_width": 2,
    "visible_bounds_height": 1,
    "visible_bounds_offset": [
      0,
      0.5,
      0
    ],
    "bones": [
      {
        "name": "head",
        "pivot": [
          0,
          24,
          0
        ],
        "cubes": [
          {
            "origin": [
              -4.0,
              24.0,
              -4.0
            ],
            "size": [
              8.0,
              8.0,
              8.0
            ],
            "uv": [
              0,
              0
            ],
            "inflate": 0.6
          },
          {
            "origin": [
              -4.0,
              24.0,
              -4.0
            ],
            "size": [
              8.0,
              8.0,
              8.0
            ],
            "uv": [
              32,
              0
            ],
            "inflate": 1.2
          }
        ]
      }
    ]
  }
}