{
  "format_version": "1.16.100",
  "minecraft:item": {
    "description": {
      "identifier": "mr:sculk_crown",
      "category": "Equipment"
    },
    "components": {
      "minecraft:icon": {
        "texture": "mr_sculk_crown"
      },
      "minecraft:creative_category": {
        "parent": "itemGroup.name.helmet"
      },
      "minecraft:max_stack_size": 1,
      "minecraft:enchantable": {
        "value": 10,
        "slot": "armor_head"
      },
      "minecraft:durability": {
        "max_durability": 700,
        "damage_chance": {
          "min": 60,
          "max": 100
        }
      },
      "minecraft:knockback_resistance": {
        "protection": 0.75
      },
      "minecraft:mining_speed": 5,
      "minecraft:foil": true,
      "minecraft:hand_equipped": true,
      "minecraft:wearable": {
        "slot": "slot.armor.head"
      },
      "minecraft:render_offsets": {
        "main_hand": {
          "third_person": {
            "scale": [
              0.12307692307692308,
              0.12307692307692308,
              0.12307692307692308
            ]
          },
          "first_person": {
            "scale": [
              0.04676923076920271,
              0.04676923076920271,
              0.04676923076920271
            ]
          }
        },
        "off_hand": {
          "third_person": {
            "scale": [
              0.12307692307692308,
              0.12307692307692308,
              0.12307692307692308
            ]
          },
          "first_person": {
            "scale": [
              0.04676923076920271,
              0.04676923076920271,
              0.04676923076920271
            ]
          }
        }
      },
      "minecraft:repairable": {
        "repair_items": [
          {
            "items": [
              "mr:sculk_blob",
              "mr:sculk_crown"
            ],
            "repair_amount": 175
          },
          {
            "items": [
              "minecraft:totem",
              "mr:sculk_crown"
            ],
            "repair_amount": 700
          }
        ]
      },
      "minecraft:armor": {
        "protection": 5
      },
      "minecraft:display_name": {}
    }
  }
}