{
  "format_version": "1.12",
  "minecraft:recipe_shaped": {
    "description": {
      "identifier": "diamond_crown_619b5818"
    },
    "tags": [
      "crafting_table"
    ],
    "pattern": [
      "A A",
      "BCB",
      "DED"
    ],
    "key": {
      "A": {
        "item": "minecraft:gold_nugget",
        "data": 0
      },
      "B": {
        "item": "minecraft:gold_block",
        "data": 0
      },
      "C": {
        "item": "minecraft:diamond",
        "data": 0
      },
      "D": {
        "item": "minecraft:gold_ingot",
        "data": 0
      },
      "E": {
        "item": "minecraft:totem",
        "data": 0
      }
    },
    "result": {
      "item": "mr:diamond_crown",
      "count": 1
    }
  }
}